Datetime,Water Level (m)
2025-06-04 18:00:00,0.025181131
2025-06-04 19:00:00,0.030048825
2025-06-04 20:00:00,0.036045678
2025-06-04 21:00:00,0.042819574
2025-06-04 22:00:00,0.04943426
2025-06-04 23:00:00,0.05520554
2025-06-05 00:00:00,0.060007967
2025-06-05 01:00:00,0.0636774
2025-06-05 02:00:00,0.06629156
2025-06-05 03:00:00,0.06801445
2025-06-05 04:00:00,0.06960903
2025-06-05 05:00:00,0.072083816
2025-06-05 06:00:00,0.075860195
2025-06-05 07:00:00,0.08097114
2025-06-05 08:00:00,0.08740757
2025-06-05 09:00:00,0.094631724
2025-06-05 10:00:00,0.10429611
2025-06-05 11:00:00,0.10454011
2025-06-05 12:00:00,0.107495174
2025-06-05 13:00:00,0.112590745
2025-06-05 14:00:00,0.1142182
2025-06-05 15:00:00,0.11638231
2025-06-05 16:00:00,0.12041978
2025-06-05 17:00:00,0.12212092
2025-06-05 18:00:00,0.12589201
2025-06-05 19:00:00,0.13073833
2025-06-05 20:00:00,0.13611
2025-06-05 21:00:00,0.14235808
2025-06-05 22:00:00,0.14837489
2025-06-05 23:00:00,0.15563591
2025-06-06 00:00:00,0.15998596
2025-06-06 01:00:00,0.16471337
2025-06-06 02:00:00,0.16843842
2025-06-06 03:00:00,0.1726363
2025-06-06 04:00:00,0.17528301
2025-06-06 05:00:00,0.1777754
2025-06-06 06:00:00,0.1806296
2025-06-06 07:00:00,0.18442115
2025-06-06 08:00:00,0.18952613
2025-06-06 09:00:00,0.19586042
2025-06-06 10:00:00,0.20306899
2025-06-06 11:00:00,0.21027099
2025-06-06 12:00:00,0.21710542
2025-06-06 13:00:00,0.22315903
2025-06-06 14:00:00,0.22773641
2025-06-06 15:00:00,0.23132677
2025-06-06 16:00:00,0.23517242
2025-06-06 17:00:00,0.23899768
2025-06-06 18:00:00,0.24316496
2025-06-06 19:00:00,0.2479719
2025-06-06 20:00:00,0.25369546
2025-06-06 21:00:00,0.26052764
2025-06-06 22:00:00,0.2682899
2025-06-06 23:00:00,0.2763137
2025-06-07 00:00:00,0.28394437
2025-06-07 01:00:00,0.29045582
2025-06-07 02:00:00,0.2961202
2025-06-07 03:00:00,0.3011104
2025-06-07 04:00:00,0.3056148
2025-06-07 05:00:00,0.31016132
2025-06-07 06:00:00,0.31579635
2025-06-07 07:00:00,0.32373682
2025-06-07 08:00:00,0.33390525
2025-06-07 09:00:00,0.34603226
2025-06-07 10:00:00,0.359712
2025-06-07 11:00:00,0.37361795
2025-06-07 12:00:00,0.38621697
2025-06-07 13:00:00,0.39797172
2025-06-07 14:00:00,0.41308016
2025-06-07 15:00:00,0.42585114
2025-06-07 16:00:00,0.4364749
2025-06-07 17:00:00,0.4453603
2025-06-07 18:00:00,0.45384526
2025-06-07 19:00:00,0.4637658
2025-06-07 20:00:00,0.47485834
2025-06-07 21:00:00,0.48639208
2025-06-07 22:00:00,0.49806812
2025-06-07 23:00:00,0.50993913
2025-06-08 00:00:00,0.52169245
2025-06-08 01:00:00,0.53226686
2025-06-08 02:00:00,0.5417954
2025-06-08 03:00:00,0.5507264
2025-06-08 04:00:00,0.5589458
2025-06-08 05:00:00,0.56661326
2025-06-08 06:00:00,0.5739057
2025-06-08 07:00:00,0.5813754
2025-06-08 08:00:00,0.58945173
2025-06-08 09:00:00,0.5984516
2025-06-08 10:00:00,0.60845965
2025-06-08 11:00:00,0.61918366
2025-06-08 12:00:00,0.6304606
2025-06-08 13:00:00,0.6405343
2025-06-08 14:00:00,0.6493734
2025-06-08 15:00:00,0.6580688
2025-06-08 16:00:00,0.6662469
2025-06-08 17:00:00,0.67407787
2025-06-08 18:00:00,0.68139076
2025-06-08 19:00:00,0.68885905
2025-06-08 20:00:00,0.6968999
2025-06-08 21:00:00,0.7053358
2025-06-08 22:00:00,0.714355
2025-06-08 23:00:00,0.7237308
2025-06-09 00:00:00,0.7330814
2025-06-09 01:00:00,0.7416104
2025-06-09 02:00:00,0.7493307
2025-06-09 03:00:00,0.758436
2025-06-09 04:00:00,0.7679912
2025-06-09 05:00:00,0.77715546
2025-06-09 06:00:00,0.78569543
2025-06-09 07:00:00,0.7937086
2025-06-09 08:00:00,0.8018393
2025-06-09 09:00:00,0.8105798
2025-06-09 10:00:00,0.820265
2025-06-09 11:00:00,0.83071685
2025-06-09 12:00:00,0.8418303
2025-06-09 13:00:00,0.8530445
2025-06-09 14:00:00,0.86330086
2025-06-09 15:00:00,0.8727007
2025-06-09 16:00:00,0.88134784
2025-06-09 17:00:00,0.88907164
2025-06-09 18:00:00,0.89593107
2025-06-09 19:00:00,0.90234303
2025-06-09 20:00:00,0.90891284
2025-06-09 21:00:00,0.9160772
2025-06-09 22:00:00,0.923957
2025-06-09 23:00:00,0.9326397
2025-06-10 00:00:00,0.94152266
2025-06-10 01:00:00,0.9499246
2025-06-10 02:00:00,0.9577687
2025-06-10 03:00:00,0.9652903
2025-06-10 04:00:00,0.97204965
2025-06-10 05:00:00,0.97808504
2025-06-10 06:00:00,0.9834911
2025-06-10 07:00:00,0.9883285
2025-06-10 08:00:00,0.9930324
2025-06-10 09:00:00,0.9982772
2025-06-10 10:00:00,1.0046154
2025-06-10 11:00:00,1.0120677
2025-06-10 12:00:00,1.0203252
2025-06-10 13:00:00,1.0280944
2025-06-10 14:00:00,1.0362613
2025-06-10 15:00:00,1.0439786
2025-06-10 16:00:00,1.0511316
2025-06-10 17:00:00,1.057728
2025-06-10 18:00:00,1.0638189
